id,lat,lon,city_name,pop_size,state,immunity
1,46.9752047,-123.8113726,Aberdeen city,17013,WA,0
2,47.6459431,-117.5791969,Airway Heights city,10757,WA,0
3,46.7915997,-117.2512267,Albion town,550,WA,0
4,47.281987,-122.2504673,Algona city,3290,WA,0
5,47.7106088,-118.9369897,Almira town,318,WA,0
6,48.4887249,-122.62398,Anacortes city,17637,WA,0
7,48.1703724,-122.1445532,Arlington city,19868,WA,0
8,46.3337257,-117.0398039,Asotin city,1204,WA,0
9,47.303773,-122.2100001,Auburn city,87256,WA,0
10,47.642487,-122.507764,Bainbridge Island city,24825,WA,0
11,45.7766564,-122.5413583,Battle Ground city,20743,WA,0
12,47.5853426,-122.2036464,Beaux Arts Village town,317,WA,0
13,47.597837,-122.1564797,Bellevue city,151854,WA,0
14,48.7534421,-122.4701786,Bellingham city,91482,WA,0
15,46.263709,-119.4789816,Benton City city,3479,WA,0
16,45.7131079,-121.4717782,Bingen city,778,WA,0
17,47.3147484,-122.0176847,Black Diamond city,4697,WA,0
18,48.9871896,-122.7487701,Blaine city,5884,WA,0
19,47.199502,-122.1630325,Bonney Lake city,22487,WA,0
20,47.7735312,-122.204376,Bothell city,48161,WA,0
21,47.5398769,-122.717048,Bremerton city,43505,WA,0
22,48.106954,-119.769827,Brewster city,1983,WA,0
23,48.0070058,-119.6725326,Bridgeport city,2141,WA,0
24,47.7923876,-122.2734318,Brier city,6560,WA,0
25,47.1622395,-122.020272,Buckley city,5114,WA,0
26,46.7952546,-122.8698152,Bucoda town,600,WA,0
27,47.4756052,-122.3446615,Burien city,52066,WA,0
28,48.4663548,-122.3288825,Burlington city,9152,WA,0
29,45.6018094,-122.4303812,Camas city,26065,WA,0
30,47.0823198,-122.0518407,Carbonado town,734,WA,0
31,47.6441877,-121.9006702,Carnation city,2158,WA,0
32,47.5180537,-120.4670363,Cashmere city,3248,WA,0
33,46.2718579,-122.9039247,Castle Rock city,2446,WA,0
34,46.205819,-123.384018,Cathlamet town,560,WA,0
35,46.7220501,-122.970947,Centralia city,18183,WA,0
36,46.6641763,-122.9654252,Chehalis city,7439,WA,0
37,47.8442821,-120.013572,Chelan city,4222,WA,0
38,47.4911301,-117.5815461,Cheney city,13255,WA,0
39,48.28264,-117.7169453,Chewelah city,2470,WA,0
40,46.415405,-117.050135,Clarkston city,7161,WA,0
41,47.194638,-120.9528425,Cle Elum city,2157,WA,0
42,47.6303535,-122.2179834,Clyde Hill city,3126,WA,0
43,46.9016018,-117.3452705,Colfax city,2782,WA,0
44,46.0418163,-118.3879049,College Place city,9902,WA,0
45,46.5674673,-117.1284451,Colton town,401,WA,0
46,48.5454605,-117.8985132,Colville city,4917,WA,0
47,48.5585534,-119.7521288,Conconully town,193,WA,0
48,48.5326167,-121.7551553,Concrete town,801,WA,0
49,46.6622026,-118.8404974,Connell city,5441,WA,0
50,46.9543121,-123.7728949,Cosmopolis city,1638,WA,0
51,47.6117329,-119.2895286,Coulee City town,549,WA,0
52,47.9685106,-118.9762797,Coulee Dam town,1211,WA,0
53,48.2187947,-122.6794661,Coupeville town,1942,WA,0
54,47.3647925,-122.1045613,Covington city,20777,WA,0
55,47.7594154,-118.5199134,Creston town,213,WA,0
56,48.3284879,-117.2924571,Cusick town,153,WA,0
57,48.2546014,-121.6031201,Darrington town,1462,WA,0
58,47.6550417,-118.1518797,Davenport city,1703,WA,0
59,46.3167965,-117.9767781,Dayton city,2448,WA,0
60,47.9642046,-117.4397877,Deer Park city,4383,WA,0
61,47.3887085,-122.3175807,Des Moines city,32888,WA,0
62,47.1073508,-122.6475757,DuPont city,10151,WA,0
63,47.735512,-121.9722244,Duvall city,8034,WA,0
64,47.4174498,-120.2837984,East Wenatchee city,14158,WA,0
65,46.8682241,-122.2695676,Eatonville town,2845,WA,0
66,47.2320735,-122.2857285,Edgewood city,12327,WA,0
67,47.8136037,-122.3533299,Edmonds city,42853,WA,0
68,47.9129612,-119.0461432,Electric City city,956,WA,0
69,47.0001685,-120.5479363,Ellensburg city,18666,WA,0
70,47.0056781,-123.4107638,Elma city,3438,WA,0
71,48.0014989,-118.953675,Elmer City town,239,WA,0
72,46.9282315,-117.6866851,Endicott town,312,WA,0
73,47.6769697,-120.2223362,Entiat city,1326,WA,0
74,47.2021788,-121.9889763,Enumclaw city,12543,WA,0
75,47.3121991,-119.5341757,Ephrata city,8477,WA,0
76,47.95113,-122.193002,Everett city,110629,WA,0
77,48.9019069,-122.3610215,Everson city,2888,WA,0
78,47.3847652,-117.1748467,Fairfield town,589,WA,0
79,47.0887268,-117.0463582,Farmington town,131,WA,0
80,47.311596,-122.3377572,Federal Way city,101030,WA,0
81,48.8526276,-122.5886231,Ferndale city,15048,WA,0
82,47.231623,-122.3516479,Fife city,10999,WA,0
83,47.2307163,-122.5157038,Fircrest city,7156,WA,0
84,47.9527581,-124.3903498,Forks city,3335,WA,0
85,48.533947,-123.0189945,Friday Harbor town,2613,WA,0
86,47.0102483,-117.1395259,Garfield town,562,WA,0
87,47.0831485,-119.861683,George city,809,WA,0
88,47.3383782,-122.6007526,Gig Harbor city,12029,WA,0
89,47.8563351,-121.692006,Gold Bar city,2403,WA,0
90,45.8191455,-120.8233658,Goldendale city,3453,WA,0
91,47.9390907,-119.0021186,Grand Coulee city,972,WA,0
92,46.2443347,-119.908998,Grandview city,10907,WA,0
93,46.3452951,-120.1926735,Granger city,3624,WA,0
94,48.0896048,-121.9692065,Granite Falls city,4450,WA,0
95,48.5224775,-121.995264,Hamilton town,299,WA,0
96,46.4061186,-120.5409612,Harrah town,585,WA,0
97,47.4801585,-118.2552652,Harrington city,429,WA,0
98,47.6894488,-119.1081301,Hartline town,180,WA,0
99,46.7735281,-118.8276881,Hatton town,79,WA,0
100,46.9772017,-123.9097161,Hoquiam city,8776,WA,0
101,47.6429577,-122.2291967,Hunts Point town,457,WA,0
102,46.3126873,-124.0267319,Ilwaco city,1087,WA,0
103,47.8212624,-121.5559291,Index town,155,WA,0
104,48.7398143,-117.4220303,Ione town,428,WA,0
105,47.5444883,-122.0490853,Issaquah city,40051,WA,0
106,46.6432208,-118.5561386,Kahlotus city,147,WA,0
107,46.0171423,-122.8419365,Kalama city,2959,WA,0
108,46.1167512,-122.8864657,Kelso city,12720,WA,0
109,47.7498584,-122.2472442,Kenmore city,23914,WA,0
110,46.1983313,-119.1736245,Kennewick city,83921,WA,0
111,47.3879703,-122.2127275,Kent city,136588,WA,0
112,48.605567,-118.0618351,Kettle Falls city,1636,WA,0
113,47.6966579,-122.2041702,Kirkland city,92175,WA,0
114,46.9837019,-120.4189062,Kittitas city,1438,WA,0
115,47.4105199,-118.9887021,Krupp (Marlin) town,49,WA,0
116,45.8604935,-122.6757266,La Center city,3424,WA,0
117,47.0456647,-122.7952519,Lacey city,53526,WA,0
118,48.3925643,-122.4944527,La Conner town,965,WA,0
119,46.795521,-117.9177688,LaCrosse town,297,WA,0
120,47.7589112,-122.2917288,Lake Forest Park city,13630,WA,0
121,48.0020128,-122.095872,Lake Stevens city,35630,WA,0
122,47.1640919,-122.5281062,Lakewood city,63612,WA,0
123,47.2006872,-117.9049392,Lamont town,79,WA,0
124,48.0375368,-122.407122,Langley city,1147,WA,0
125,47.2821116,-117.155753,Latah town,185,WA,0
126,47.5947036,-120.6639132,Leavenworth city,2263,WA,0
127,47.668587,-117.1036375,Liberty Lake city,12003,WA,0
128,46.9703396,-118.6163743,Lind town,535,WA,0
129,46.3619344,-124.0578121,Long Beach city,1688,WA,0
130,46.1457073,-122.9642987,Longview city,37818,WA,0
131,48.5237887,-122.0655966,Lyman town,423,WA,0
132,48.94992,-122.4548027,Lynden city,15749,WA,0
133,47.8289794,-122.3006719,Lynnwood city,38568,WA,0
134,46.2115459,-119.9939118,Mabton city,1959,WA,0
135,47.058457,-123.2696458,McCleary city,1997,WA,0
136,47.22959,-117.4731361,Malden town,216,WA,0
137,47.8118999,-119.638003,Mansfield town,326,WA,0
138,47.3671468,-122.0348152,Maple Valley city,28013,WA,0
139,48.6642976,-118.0599698,Marcus town,216,WA,0
140,48.0802144,-122.1543118,Marysville city,70714,WA,0
141,46.7369745,-119.9043282,Mattawa city,3335,WA,0
142,47.5710393,-117.6894497,Medical Lake city,4874,WA,0
143,47.6265406,-122.242866,Medina city,2915,WA,0
144,47.5640042,-122.2312143,Mercer Island city,25748,WA,0
145,46.5734882,-119.0013184,Mesa city,385,WA,0
146,48.8523358,-117.3870195,Metaline town,162,WA,0
147,48.861295,-117.3718917,Metaline Falls town,272,WA,0
148,47.8651883,-122.2105658,Mill Creek city,20926,WA,0
149,47.6855655,-117.2800787,Millwood city,1881,WA,0
150,47.2519937,-122.3172889,Milton city,8697,WA,0
151,47.859833,-121.9840559,Monroe city,19699,WA,0
152,47.0147256,-123.5857108,Montesano city,4138,WA,0
153,46.5573823,-122.2814492,Morton city,1036,WA,0
154,47.1278501,-119.2763841,Moses Lake city,25146,WA,0
155,46.5304906,-122.4886791,Mossyrock city,768,WA,0
156,47.7943292,-122.3026073,Mountlake Terrace city,21286,WA,0
157,48.4170713,-122.3118318,Mount Vernon city,35219,WA,0
158,46.5639781,-120.396587,Moxee city,4326,WA,0
159,47.9130177,-122.3022531,Mukilteo city,21538,WA,0
160,46.7259848,-120.6912084,Naches town,1084,WA,0
161,46.5867959,-122.9020308,Napavine city,1888,WA,0
162,48.1669056,-118.9721153,Nespelem town,180,WA,0
163,47.5316644,-122.1655662,Newcastle city,13017,WA,0
164,48.1782597,-117.0546779,Newport city,2114,WA,0
165,48.9281121,-122.3175123,Nooksack city,1471,WA,0
166,47.4329749,-122.3446892,Normandy Park city,6771,WA,0
167,47.4879674,-121.7687855,North Bend city,7461,WA,0
168,45.6413928,-121.9727478,North Bonneville city,1397,WA,0
169,48.915792,-117.7796961,Northport town,297,WA,0
170,47.1304696,-117.2464399,Oakesdale town,395,WA,0
171,48.2938318,-122.6281536,Oak Harbor city,24622,WA,0
172,46.8401161,-123.2335075,Oakville city,715,WA,0
173,46.9653619,-124.1472068,Ocean Shores city,6715,WA,0
174,47.3325992,-118.6894446,Odessa town,896,WA,0
175,48.3672735,-119.5787678,Okanogan city,2379,WA,0
176,47.0406042,-122.8950005,Olympia city,55605,WA,0
177,48.4223376,-119.5306231,Omak city,4860,WA,0
178,48.9469508,-119.429969,Oroville city,1795,WA,0
179,47.0969361,-122.2116872,Orting city,9041,WA,0
180,46.8221363,-119.1652718,Othello city,8549,WA,0
181,47.2619744,-122.2524287,Pacific city,7235,WA,0
182,46.9103261,-117.0752075,Palouse city,1015,WA,0
183,46.2502891,-119.1290703,Pasco city,77108,WA,0
184,48.053094,-119.9003309,Pateros city,593,WA,0
185,46.571314,-123.2983105,Pe Ell town,642,WA,0
186,46.4737597,-117.5965412,Pomeroy city,1389,WA,0
187,48.1192357,-123.4480127,Port Angeles city,19960,WA,0
188,47.5384429,-122.6324307,Port Orchard city,15587,WA,0
189,48.1217622,-122.7878764,Port Townsend city,10148,WA,0
190,47.7410765,-122.6421524,Poulsbo city,11975,WA,0
191,46.298834,-118.312553,Prescott city,372,WA,0
192,46.2065508,-119.7653659,Prosser city,6062,WA,0
193,46.733555,-117.1679394,Pullman city,32901,WA,0
194,47.1792231,-122.2891914,Puyallup city,42973,WA,0
195,47.2342121,-119.8525028,Quincy city,7543,WA,0
196,46.8916705,-122.6865363,Rainier city,2369,WA,0
197,46.683742,-123.7395068,Raymond city,3081,WA,0
198,47.6700936,-117.8785746,Reardan town,637,WA,0
199,47.6779241,-122.1153356,Redmond city,73256,WA,0
200,47.4791902,-122.1946129,Renton city,106785,WA,0
201,48.6488203,-118.7330236,Republic city,992,WA,0
202,46.2815885,-119.2922473,Richland city,60560,WA,0
203,45.8175707,-122.6719591,Ridgefield city,10319,WA,0
204,47.1253276,-118.38092,Ritzville city,1767,WA,0
205,48.5129372,-119.5156657,Riverside town,329,WA,0
206,47.4514743,-117.1306271,Rockford town,522,WA,0
207,47.3731666,-120.1420764,Rock Island city,1279,WA,0
208,47.2362865,-117.3764765,Rosalia town,598,WA,0
209,47.2700295,-121.1412049,Roslyn city,950,WA,0
210,46.9899413,-122.540975,Roy city,816,WA,0
211,46.901898,-119.6207412,Royal City city,1776,WA,0
212,47.297997,-122.5117693,Ruston town,1055,WA,0
213,47.0914742,-117.5886874,St. John town,599,WA,0
214,47.5942675,-122.0380805,Sammamish city,67455,WA,0
215,47.4434029,-122.298287,SeaTac city,31454,WA,0
216,47.6193387,-122.3515649,Seattle city,737015,WA,0
217,48.5112191,-122.2321561,Sedro-Woolley city,12421,WA,0
218,46.6458555,-120.5382573,Selah city,8153,WA,0
219,48.0736879,-123.0878093,Sequim city,8024,WA,0
220,47.2189119,-123.1111901,Shelton city,10371,WA,0
221,47.7569166,-122.3455045,Shoreline city,58608,WA,0
222,47.7098524,-121.3564476,Skykomish town,161,WA,0
223,47.9288663,-122.0926843,Snohomish city,10126,WA,0
224,47.5432449,-121.8686448,Snoqualmie city,14121,WA,0
225,47.3910918,-119.484608,Soap Lake city,1691,WA,0
226,46.6698892,-123.8018463,South Bend city,1746,WA,0
227,47.1862049,-120.952549,South Cle Elum town,559,WA,0
228,47.1353858,-122.0966235,South Prairie town,373,WA,0
229,47.4298941,-117.3812242,Spangle city,280,WA,0
230,47.6669347,-117.433322,Spokane city,228989,WA,0
231,47.6633532,-117.2327795,Spokane Valley city,102976,WA,0
232,47.3048891,-117.9712903,Sprague city,495,WA,0
233,48.0572307,-117.746565,Springdale town,234,WA,0
234,48.2451443,-122.342232,Stanwood city,7705,WA,0
235,46.5215985,-118.128876,Starbuck town,119,WA,0
236,47.1692672,-122.5923363,Steilacoom town,6727,WA,0
237,45.6947434,-121.8963742,Stevenson city,1491,WA,0
238,47.8709539,-121.8042561,Sultan city,5146,WA,0
239,48.9955336,-122.2684531,Sumas city,1583,WA,0
240,47.2272148,-122.2362644,Sumner city,10621,WA,0
241,46.315758,-120.0058344,Sunnyside city,16375,WA,0
242,47.2521991,-122.4598318,Tacoma city,219346,WA,0
243,47.2247315,-117.0730567,Tekoa city,817,WA,0
244,46.8538171,-122.8604505,Tenino city,1870,WA,0
245,46.7026029,-120.7557839,Tieton city,1389,WA,0
246,46.4447207,-122.8522304,Toledo city,631,WA,0
247,48.7075633,-119.442297,Tonasket city,1103,WA,0
248,46.3804984,-120.3122015,Toppenish city,8854,WA,0
249,47.476289,-122.2757402,Tukwila city,21798,WA,0
250,46.9894629,-122.9172767,Tumwater city,25350,WA,0
251,48.3610045,-120.1171352,Twisp town,992,WA,0
252,46.5544287,-120.4920734,Union Gap city,6568,WA,0
253,46.5390914,-117.0861371,Uniontown town,389,WA,0
254,47.2153709,-122.5472592,University Place city,34866,WA,0
255,46.4045147,-122.9569433,Vader city,629,WA,0
256,45.6371555,-122.5965674,Vancouver city,190915,WA,0
257,46.2697989,-118.1508708,Waitsburg city,1166,WA,0
258,46.0670064,-118.337033,Walla Walla city,34060,WA,0
259,46.4436321,-120.4215067,Wapato city,4607,WA,0
260,46.967251,-119.0522674,Warden city,2449,WA,0
261,45.582801,-122.3463838,Washougal city,17039,WA,0
262,46.7539105,-118.3105393,Washtucna town,211,WA,0
263,47.6480186,-120.0706822,Waterville town,1134,WA,0
264,47.3380868,-117.2312246,Waverly town,121,WA,0
265,47.4359852,-120.3292659,Wenatchee city,35508,WA,0
266,46.8918148,-124.119847,Westport city,2213,WA,0
267,46.3138081,-119.3877683,West Richland city,16295,WA,0
268,45.7283938,-121.4853883,White Salmon city,2485,WA,0
269,47.7581322,-118.7119404,Wilbur town,895,WA,0
270,47.1012659,-122.0524535,Wilkeson town,499,WA,0
271,47.4230128,-119.1176509,Wilson Creek town,204,WA,0
272,46.4906593,-122.9342287,Winlock city,1472,WA,0
273,48.4716683,-120.1790059,Winthrop town,504,WA,0
274,47.7576947,-122.1467909,Woodinville city,13069,WA,0
275,45.9181833,-122.7535016,Woodland city,6531,WA,0
276,47.7879463,-122.3880188,Woodway city,1318,WA,0
277,45.8652427,-122.4062803,Yacolt town,1668,WA,0
278,46.5909379,-120.5494001,Yakima city,96968,WA,0
279,47.6445756,-122.2199938,Yarrow Point town,1134,WA,0
280,46.9426075,-122.6431588,Yelm city,10617,WA,0
281,46.4084243,-120.2726634,Zillah city,3179,WA,0
282,44.6707208,-123.2160099,Adair Village city,994,OR,0
283,45.7663511,-118.5640874,Adams city,389,OR,0
284,43.740826,-117.0708824,Adrian city,157,OR,0
285,44.6269277,-123.0967414,Albany city,56472,OR,0
286,45.1161609,-123.1996722,Amity city,1757,OR,0
287,44.9112597,-120.7235813,Antelope city,37,OR,0
288,45.7253166,-120.1889543,Arlington city,628,OR,0
289,42.1922159,-122.6982503,Ashland city,21360,OR,0
290,46.1873754,-123.8150727,Astoria city,10181,OR,0
291,45.8132842,-118.4926225,Athena city,1209,OR,0
292,44.8461709,-122.8698707,Aumsville city,4234,OR,0
293,45.2283172,-122.7572275,Aurora city,1133,OR,0
294,44.7748859,-117.8319856,Baker City city,10099,OR,0
295,43.1146897,-124.4155201,Bandon city,3321,OR,0
296,45.6149382,-123.1070673,Banks city,1837,OR,0
297,45.2524012,-122.7223097,Barlow city,133,OR,0
298,45.5210606,-123.8861257,Bay City city,1389,OR,0
299,45.477781,-122.8169278,Beaverton city,97494,OR,0
300,44.0564763,-121.3093748,Bend city,99178,OR,0
301,45.8365075,-119.6927928,Boardman city,3828,OR,0
302,42.2003166,-121.4066751,Bonanza town,404,OR,0
303,42.0724082,-124.3049086,Brookings city,6744,OR,0
304,44.3922363,-122.9834352,Brownsville city,1694,OR,0
305,43.5882806,-119.06129,Burns city,2730,OR,0
306,42.5414096,-122.5690802,Butte Falls town,443,OR,0
307,45.2650899,-122.6883952,Canby city,18171,OR,0
308,45.8880002,-123.9601333,Cannon Beach city,1489,OR,0
309,44.3930098,-118.9494851,Canyon City town,660,OR,0
310,42.9273088,-123.2789148,Canyonville city,1640,OR,0
311,45.2945077,-123.1753654,Carlton city,2220,OR,0
312,45.6760452,-121.868706,Cascade Locks city,1379,OR,0
313,42.1666638,-123.648096,Cave Junction city,2071,OR,0
314,42.3764876,-122.9110183,Central Point city,18997,OR,0
315,42.5764171,-121.8677524,Chiloquin city,767,OR,0
316,46.1046547,-123.204468,Clatskanie city,1716,OR,0
317,44.1393726,-123.0588996,Coburg city,1306,OR,0
318,45.8975459,-122.8124019,Columbia City city,1949,OR,0
319,45.2365543,-120.1859258,Condon city,711,OR,0
320,43.3811257,-124.232597,Coos Bay city,15985,OR,0
321,43.1803309,-124.1841632,Coquille city,4015,OR,0
322,45.5189286,-123.0509701,Cornelius city,12694,OR,0
323,44.5699488,-123.2782855,Corvallis city,59922,OR,0
324,43.7958911,-123.0572278,Cottage Grove city,10574,OR,0
325,45.296426,-117.8102002,Cove city,620,OR,0
326,43.9226246,-123.0140011,Creswell city,5641,OR,0
327,44.5233715,-121.211017,Culver city,1602,OR,0
328,44.922134,-123.3130187,Dallas city,16854,OR,0
329,45.2198498,-123.0780934,Dayton city,2678,OR,0
330,44.4667611,-119.5322197,Dayville town,132,OR,0
331,44.8091062,-124.059688,Depoe Bay city,1515,OR,0
332,44.7337782,-122.1516636,Detroit city,203,OR,0
333,45.2226509,-122.8388419,Donald city,1009,OR,0
334,43.662314,-123.3143093,Drain city,1172,OR,0
335,45.4530769,-121.1287502,Dufur city,632,OR,0
336,45.2757983,-123.0074173,Dundee city,3238,OR,0
337,43.9104749,-124.0910822,Dunes City city,1428,OR,0
338,45.3944589,-122.7579854,Durham city,1944,OR,0
339,42.4676884,-122.8015933,Eagle Point city,9686,OR,0
340,45.7431082,-119.1919023,Echo city,632,OR,0
341,45.5646554,-117.9212699,Elgin city,1717,OR,0
342,43.637429,-123.5691482,Elkton city,183,OR,0
343,45.4257723,-117.2788089,Enterprise city,2052,OR,0
344,45.2981994,-122.3323943,Estacada city,4356,OR,0
345,44.055128,-123.1174313,Eugene city,176654,OR,0
346,45.5475848,-122.4368225,Fairview city,10424,OR,0
347,44.8648027,-123.4375005,Falls City city,1051,OR,0
348,43.9916324,-124.1064557,Florence city,9396,OR,0
349,45.524366,-123.1105886,Forest Grove city,26225,OR,0
350,44.9980805,-120.2146494,Fossil city,447,OR,0
351,45.5607828,-123.9113502,Garibaldi city,830,OR,0
352,45.4348803,-123.1450604,Gaston city,676,OR,0
353,44.7560088,-122.4201299,Gates city,548,OR,0
354,46.0317188,-123.9184787,Gearhart city,1793,OR,0
355,45.1080379,-122.8964258,Gervais city,2595,OR,0
356,45.3856499,-122.5928265,Gladstone city,12017,OR,0
357,42.7380519,-123.4293547,Glendale city,858,OR,0
358,42.4132967,-124.4221617,Gold Beach city,2341,OR,0
359,42.4357891,-123.0526399,Gold Hill city,1335,OR,0
360,44.8102647,-118.4192423,Granite city,32,OR,0
361,42.4323131,-123.3317724,Grants Pass city,39189,OR,0
362,45.3590584,-120.7841658,Grass Valley city,149,OR,0
363,44.7087156,-118.4967412,Greenhorn city,3,OR,0
364,45.502319,-122.4416088,Gresham city,114247,OR,0
365,44.9122717,-117.9395522,Haines city,373,OR,0
366,44.8780228,-117.1096994,Halfway city,351,OR,0
367,44.3828907,-123.1094456,Halsey city,962,OR,0
368,45.4360265,-122.5101325,Happy Valley city,23733,OR,0
369,44.2702778,-123.1625829,Harrisburg city,3652,OR,0
370,45.8506483,-118.6590496,Helix city,194,OR,0
371,45.3529944,-119.560569,Heppner city,1187,OR,0
372,45.8325479,-119.2852824,Hermiston city,19354,OR,0
373,45.5267977,-122.9353955,Hillsboro city,106447,OR,0
374,43.5573584,-119.0819507,Hines city,1645,OR,0
375,45.7091147,-121.5260187,Hood River city,8313,OR,0
376,45.1818355,-122.8071824,Hubbard city,3426,OR,0
377,44.3500862,-117.2667629,Huntington city,502,OR,0
378,44.7015196,-122.0831885,Idanha city,156,OR,0
379,45.462114,-117.9631928,Imbler city,245,OR,0
380,44.857768,-123.1976534,Independence city,9828,OR,0
381,45.5029096,-119.8219724,Ione city,337,OR,0
382,45.8950478,-119.4887341,Irrigon city,2011,OR,0
383,45.335841,-118.0491762,Island City city,1144,OR,0
384,42.3126317,-122.9691689,Jacksonville city,3020,OR,0
385,44.7165542,-123.0059685,Jefferson city,3327,OR,0
386,44.4181213,-118.956296,John Day city,1664,OR,0
387,45.4042166,-122.5782216,Johnson City city,539,OR,0
388,42.9793326,-117.0574422,Jordan Valley city,130,OR,0
389,45.3525306,-117.2303576,Joseph city,1154,OR,0
390,44.21191,-123.2001513,Junction City city,6787,OR,0
391,45.0029713,-123.0244915,Keizer city,39376,OR,0
392,45.4011888,-122.8069428,King City city,5184,OR,0
393,42.2188449,-121.7787184,Klamath Falls city,21813,OR,0
394,45.2462607,-123.1114927,Lafayette city,4423,OR,0
395,45.3244714,-118.0868913,La Grande city,13026,OR,0
396,45.413551,-122.7000072,Lake Oswego city,40731,OR,0
397,43.5844985,-124.1719321,Lakeside city,1904,OR,0
398,42.1914378,-120.352536,Lakeview town,2418,OR,0
399,43.68685,-121.4853152,La Pine city,2512,OR,0
400,44.5309811,-122.908126,Lebanon city,18447,OR,0
401,45.4461595,-119.6879519,Lexington town,238,OR,0
402,44.9778813,-124.0060541,Lincoln City city,9815,OR,0
403,45.0887216,-119.8841246,Lonerock city,25,OR,0
404,44.7141517,-119.1042446,Long Creek city,173,OR,0
405,45.4867029,-117.4294661,Lostine city,241,OR,0
406,43.9200706,-122.7817521,Lowell city,1196,OR,0
407,44.7792547,-122.611833,Lyons city,1202,OR,0
408,45.2110474,-123.1918216,McMinnville city,34319,OR,0
409,44.6638968,-121.1604378,Madras city,7456,OR,0
410,42.0133673,-121.409744,Malin city,731,OR,0
411,45.7165841,-123.9350727,Manzanita city,603,OR,0
412,45.1707078,-121.0883913,Maupin city,427,OR,0
413,45.552517,-122.5617781,Maywood Park city,829,OR,0
414,42.3368964,-122.8542443,Medford city,85824,OR,0
415,42.0260151,-121.6008496,Merrill city,821,OR,0
416,44.5874794,-121.1759887,Metolius city,978,OR,0
417,44.7519771,-122.4776267,Mill City city,1971,OR,0
418,44.6788556,-123.0727731,Millersburg city,2919,OR,0
419,45.9339992,-118.3909669,Milton-Freewater city,7151,OR,0
420,45.4441239,-122.6209153,Milwaukie city,21119,OR,0
421,44.5736953,-120.1528829,Mitchell city,138,OR,0
422,45.1493479,-122.5848652,Molalla city,10228,OR,0
423,44.8501422,-123.2280696,Monmouth city,11110,OR,0
424,44.3168534,-123.2988636,Monroe city,647,OR,0
425,44.8207947,-119.4208851,Monument city,115,OR,0
426,45.4837523,-120.7333155,Moro city,367,OR,0
427,45.6850379,-121.3982159,Mosier city,468,OR,0
428,45.0695345,-122.7972188,Mount Angel city,3392,OR,0
429,44.4168969,-119.1131737,Mount Vernon city,548,OR,0
430,43.0240649,-123.2783498,Myrtle Creek city,3481,OR,0
431,43.06268,-124.1330796,Myrtle Point city,2475,OR,0
432,45.7195281,-123.8940233,Nehalem city,270,OR,0
433,45.307427,-122.9600833,Newberg city,25138,OR,0
434,44.6208693,-124.043041,Newport city,10256,OR,0
435,43.4071635,-124.2344826,North Bend city,10317,OR,0
436,45.5974591,-122.9947008,North Plains city,3441,OR,0
437,45.0300075,-117.9204,North Powder city,504,OR,0
438,43.8778801,-116.9956,Nyssa city,3198,OR,0
439,43.4229976,-123.2971678,Oakland city,934,OR,0
440,43.7450518,-122.4650256,Oakridge city,3206,OR,0
441,44.0258934,-116.9760181,Ontario city,11645,OR,0
442,45.3413145,-122.5923267,Oregon City city,37572,OR,0
443,42.6925864,-120.5454389,Paisley city,250,OR,0
444,45.6756755,-118.8201702,Pendleton city,17107,OR,0
445,44.5419726,-123.3595269,Philomath city,5350,OR,0
446,42.2748494,-122.8152909,Phoenix city,4475,OR,0
447,45.4927645,-118.8301719,Pilot Rock city,1328,OR,0
448,45.5369506,-122.649971,Portland city,652503,OR,0
449,42.7492759,-124.4981176,Port Orford city,1146,OR,0
450,42.8850025,-124.076248,Powers city,710,OR,0
451,44.4611005,-118.7093802,Prairie City city,841,OR,0
452,46.0476055,-122.8870769,Prescott city,82,OR,0
453,44.29854,-120.8607194,Prineville city,10736,OR,0
454,46.0713875,-122.9414013,Rainier city,1911,OR,0
455,44.2606936,-121.1824247,Redmond city,33274,OR,0
456,43.6988541,-124.1119181,Reedsport city,4310,OR,0
457,44.769508,-117.1685758,Richland city,165,OR,0
458,42.9541768,-123.3644849,Riddle city,1214,OR,0
459,45.385167,-122.7335253,Rivergrove city,545,OR,0
460,45.6168879,-123.9390346,Rockaway Beach city,1441,OR,0
461,42.4355337,-123.1682256,Rogue River city,2407,OR,0
462,43.2236037,-123.352037,Roseburg city,23683,OR,0
463,45.6890572,-120.7460503,Rufus city,268,OR,0
464,45.8568209,-122.816279,St. Helens city,13817,OR,0
465,45.2122494,-122.9771665,St. Paul city,434,OR,0
466,44.9238996,-123.0230068,Salem city,175535,OR,0
467,45.4000195,-122.2695804,Sandy city,12612,OR,0
468,45.7580818,-122.8730994,Scappoose city,8010,OR,0
469,44.7046295,-122.8508911,Scio city,956,OR,0
470,45.0410298,-122.6689233,Scotts Mills city,419,OR,0
471,45.9890188,-123.9209579,Seaside city,7115,OR,0
472,44.1352194,-118.9762705,Seneca city,165,OR,0
473,42.6053205,-122.819377,Shady Cove city,3081,OR,0
474,45.0036531,-120.7521514,Shaniko city,30,OR,0
475,45.0959326,-123.3980875,Sheridan city,4639,OR,0
476,45.3594623,-122.8426643,Sherwood city,20450,OR,0
477,44.7218344,-123.9187001,Siletz city,1230,OR,0
478,45.0033914,-122.7809282,Silverton city,10484,OR,0
479,44.2923821,-121.5529748,Sisters city,3064,OR,0
480,44.4830423,-122.8690777,Sodaville city,360,OR,0
481,44.8331078,-119.7941485,Spray town,139,OR,0
482,44.0537565,-122.9811053,Springfield city,61851,OR,0
483,45.7846174,-119.2186419,Stanfield city,2144,OR,0
484,44.8055142,-122.7998138,Stayton city,8244,OR,0
485,44.8294072,-122.7923018,Sublimity city,2967,OR,0
486,45.4897079,-118.0040651,Summerville town,119,OR,0
487,44.7435468,-118.1974608,Sumpter city,204,OR,0
488,43.3862451,-123.3226729,Sutherlin city,8524,OR,0
489,44.4040108,-122.7014999,Sweet Home city,9828,OR,0
490,42.2404641,-122.7811585,Talent city,6282,OR,0
491,44.5476898,-123.1109353,Tangent city,1231,OR,0
492,45.5983861,-121.1524113,The Dalles city,16010,OR,0
493,45.4229214,-122.7843878,Tigard city,54539,OR,0
494,45.4561242,-123.8331469,Tillamook city,5204,OR,0
495,44.6197476,-123.933704,Toledo city,3546,OR,0
496,45.5392197,-122.3926728,Troutdale city,16300,OR,0
497,45.377222,-122.7747163,Tualatin city,27942,OR,0
498,44.8484548,-122.9513363,Turner city,2454,OR,0
499,45.134435,-118.9329748,Ukiah city,159,OR,0
500,45.9176119,-119.3319791,Umatilla city,7363,OR,0
501,45.2089128,-117.8678636,Union city,2152,OR,0
502,44.4515734,-118.1862983,Unity city,40,OR,0
503,43.9839531,-117.2417495,Vale city,1894,OR,0
504,44.0471499,-123.3513355,Veneta city,5214,OR,0
505,45.8640324,-123.1836238,Vernonia city,2374,OR,0
506,44.4183663,-124.066234,Waldport city,2249,OR,0
507,45.5703496,-117.5285751,Wallowa city,796,OR,0
508,46.1702223,-123.922653,Warrenton city,6277,OR,0
509,45.591657,-120.6974638,Wasco city,417,OR,0
510,44.4946538,-122.8242519,Waterloo town,222,OR,0
511,43.7578923,-122.5030825,Westfir city,259,OR,0
512,45.3665923,-122.6389001,West Linn city,27373,OR,0
513,45.8164365,-118.425859,Weston city,706,OR,0
514,45.6873172,-123.8870715,Wheeler city,422,OR,0
515,45.0786488,-123.4848702,Willamina city,2239,OR,0
516,45.311262,-122.77092,Wilsonville city,26664,OR,0
517,43.1201094,-123.4245298,Winston city,5625,OR,0
518,45.1472657,-122.8604014,Woodburn city,26013,OR,0
519,45.5357892,-122.4204933,Wood Village city,4387,OR,0
520,44.311758,-124.1013919,Yachats city,994,OR,0
521,45.3408294,-123.1844695,Yamhill city,1147,OR,0
522,43.6002466,-123.2923724,Yoncalla city,1021,OR,0
523,42.9440982,-112.8383809,Aberdeen city,1756,ID,0
524,42.6683428,-113.5972812,Acequia city,131,ID,0
525,42.4098076,-113.5804379,Albion city,234,ID,0
526,42.7828465,-112.8542111,American Falls city,4568,ID,0
527,43.4749985,-111.9596305,Ammon city,17694,ID,0
528,43.6318933,-113.3010328,Arco city,879,ID,0
529,42.5603847,-112.172927,Arimo city,354,ID,0
530,44.0733321,-111.4483115,Ashton city,949,ID,0
531,47.9470654,-116.7079579,Athol city,709,ID,0
532,43.4431349,-112.812428,Atomic City city,41,ID,0
533,42.7202407,-111.8830101,Bancroft city,299,ID,0
534,43.3144432,-112.1650436,Basalt city,357,ID,0
535,43.467894,-114.2549548,Bellevue city,2560,ID,0
536,43.1942277,-112.3446897,Blackfoot city,12346,ID,0
537,42.924284,-114.9475164,Bliss city,258,ID,0
538,42.1909898,-111.4027556,Bloomington city,199,ID,0
539,43.6002334,-116.2298,Boise City city,235684,ID,0
540,48.690567,-116.3200147,Bonners Ferry city,2520,ID,0
541,46.8586789,-116.3935511,Bovill city,191,ID,0
542,42.5983624,-114.7595359,Buhl city,4558,ID,0
543,42.5374352,-113.7926019,Burley city,11704,ID,0
544,43.6069878,-113.2407389,Butte City city,78,ID,0
545,43.6458804,-116.6593359,Caldwell city,59996,ID,0
546,44.5717475,-116.6781013,Cambridge city,335,ID,0
547,43.3120113,-113.9410079,Carey city,685,ID,0
548,44.5087608,-116.0436271,Cascade city,1005,ID,0
549,42.5205687,-114.8718056,Castleford city,215,ID,0
550,44.5057787,-114.2281842,Challis city,902,ID,0
551,42.9261822,-112.4625374,Chubbuck city,15570,ID,0
552,48.148019,-116.1729884,Clark Fork city,513,ID,0
553,44.2592023,-114.3831076,Clayton city,10,ID,0
554,42.1872862,-112.0045959,Clifton city,413,ID,0
555,47.7034979,-116.7938613,Coeur d'Alene city,54628,ID,0
556,46.0510446,-116.3497513,Cottonwood city,822,ID,0
557,44.7331948,-116.4368375,Council city,867,ID,0
558,46.2417397,-116.4713442,Craigmont city,458,ID,0
559,44.1155685,-115.9740725,Crouch city,154,ID,0
560,46.3748955,-116.6700973,Culdesac city,413,ID,0
561,47.7334122,-116.767873,Dalton Gardens city,2537,ID,0
562,42.1112464,-111.9846148,Dayton city,510,ID,0
563,46.8005864,-116.5573681,Deary city,508,ID,0
564,42.5195992,-113.6287318,Declo city,338,ID,0
565,42.9127962,-114.2662887,Dietrich city,284,ID,0
566,44.7333909,-116.0868209,Donnelly city,249,ID,0
567,48.2591564,-116.6098431,Dover city,752,ID,0
568,42.4288278,-112.1233032,Downey city,571,ID,0
569,43.7298645,-111.1043193,Driggs city,1984,ID,0
570,43.99959,-111.343358,Drummond city,13,ID,0
571,44.1711611,-112.2282777,Dubois city,511,ID,0
572,43.6934234,-116.3459894,Eagle city,30346,ID,0
573,48.2408949,-116.28941,East Hope city,229,ID,0
574,42.6053086,-114.2090867,Eden city,393,ID,0
575,46.7830056,-116.181105,Elk River city,139,ID,0
576,43.8692283,-116.4913356,Emmett city,7647,ID,0
577,43.3480452,-114.8008259,Fairfield city,441,ID,0
578,46.1519154,-116.3900085,Ferdinand city,133,ID,0
579,47.6722913,-116.7475554,Fernan Lake Village city,164,ID,0
580,42.5678895,-114.6114714,Filer city,2738,ID,0
581,43.3057876,-112.1834537,Firth city,517,ID,0
582,42.009503,-111.8021833,Franklin city,1025,ID,0
583,44.0204122,-116.9221087,Fruitland city,6072,ID,0
584,43.6682968,-116.2943893,Garden City city,12316,ID,0
585,46.551608,-116.9283889,Genesee city,1030,ID,0
586,42.479083,-111.3634973,Georgetown city,503,ID,0
587,42.9499085,-115.3081852,Glenns Ferry city,1282,ID,0
588,42.9370476,-114.7131878,Gooding city,3707,ID,0
589,42.5751821,-111.7297712,Grace city,920,ID,0
590,42.9851235,-116.0936802,Grand View city,440,ID,0
591,45.9258258,-116.1219164,Grangeville city,3308,ID,0
592,43.6726069,-116.8214433,Greenleaf city,812,ID,0
593,42.8160155,-114.8976811,Hagerman city,968,ID,0
594,43.5126736,-114.2994991,Hailey city,9161,ID,0
595,43.9267398,-112.2062204,Hamer city,83,ID,0
596,42.531365,-114.3011771,Hansen city,1086,ID,0
597,47.4695824,-116.8083364,Harrison city,233,ID,0
598,47.7736943,-117.008,Hauser city,761,ID,0
599,47.7684541,-116.8012388,Hayden city,15570,ID,0
600,47.7644596,-116.7560966,Hayden Lake city,649,ID,0
601,42.5954803,-114.1366136,Hazelton city,803,ID,0
602,42.5599818,-113.7620669,Heyburn city,3700,ID,0
603,42.3529109,-114.583846,Hollister city,243,ID,0
604,43.6159369,-116.9390289,Homedale city,2881,ID,0
605,48.2503764,-116.3045761,Hope city,98,ID,0
606,43.916085,-116.1992362,Horseshoe Bend city,715,ID,0
607,47.7035439,-116.8508384,Huetter city,104,ID,0
608,43.8278443,-115.8304744,Idaho City city,466,ID,0
609,43.4875166,-112.0357125,Idaho Falls city,64818,ID,0
610,42.796548,-112.2546253,Inkom city,792,ID,0
611,43.5270069,-111.9309144,Iona city,2717,ID,0
612,43.4033593,-111.2795127,Irwin city,259,ID,0
613,44.5341912,-111.3377884,Island Park city,193,ID,0
614,42.7180948,-114.5157915,Jerome city,12349,ID,0
615,46.5747366,-116.7080797,Juliaetta city,624,ID,0
616,46.2267959,-116.0283028,Kamiah city,1117,ID,0
617,47.5349602,-116.1326778,Kellogg city,2314,ID,0
618,46.614183,-116.661272,Kendrick city,288,ID,0
619,43.6877176,-114.3800688,Ketchum city,3555,ID,0
620,42.5342987,-114.369931,Kimberly city,4626,ID,0
621,46.1416866,-115.9736463,Kooskia city,514,ID,0
622,48.3118308,-116.5171275,Kootenai city,941,ID,0
623,43.4696071,-116.4241535,Kuna city,24011,ID,0
624,46.4037149,-116.8042234,Lapwai city,1169,ID,0
625,42.6201065,-112.0099021,Lava Hot Springs city,358,ID,0
626,44.6800463,-113.3592204,Leadore city,98,ID,0
627,46.3931296,-116.9934717,Lewiston city,34203,ID,0
628,43.6952082,-112.0132317,Lewisville city,421,ID,0
629,43.6882618,-113.6352825,Lost River city,42,ID,0
630,44.9084085,-116.1124908,McCall city,3686,ID,0
631,42.6482362,-112.1893942,McCammon city,825,ID,0
632,43.911996,-113.612728,Mackay city,439,ID,0
633,42.189909,-112.2496883,Malad City city,2299,ID,0
634,42.3075322,-113.3697368,Malta city,167,ID,0
635,43.5463599,-116.810422,Marsing city,1229,ID,0
636,43.3736333,-116.5319331,Melba city,572,ID,0
637,43.7217913,-111.9923527,Menan city,715,ID,0
638,43.6114933,-116.3977634,Meridian city,117635,ID,0
639,43.7115929,-116.615008,Middleton city,9425,ID,0
640,44.4622548,-116.7406519,Midvale city,193,ID,0
641,42.7539701,-113.4899549,Minidoka city,86,ID,0
642,42.3259919,-111.2988263,Montpelier city,2643,ID,0
643,43.7344096,-113.3673402,Moore city,162,ID,0
644,46.7306091,-116.998909,Moscow city,25435,ID,0
645,43.1318333,-115.6967161,Mountain Home city,15979,ID,0
646,48.7247462,-116.1954209,Moyie Springs city,822,ID,0
647,43.8428551,-112.4795039,Mud Lake city,321,ID,0
648,47.4687585,-115.7963509,Mullan city,646,ID,0
649,42.4916852,-114.1623115,Murtaugh city,114,ID,0
650,43.5843206,-116.5639713,Nampa city,100200,ID,0
651,43.886385,-111.603888,Newdale city,337,ID,0
652,44.9713347,-116.2851951,New Meadows city,517,ID,0
653,43.9704171,-116.8187807,New Plymouth city,1494,ID,0
654,46.2335816,-116.2414176,Nezperce city,458,ID,0
655,43.7268626,-116.8004323,Notus city,609,ID,0
656,42.2420603,-113.8830582,Oakley city,786,ID,0
657,48.1824884,-117.018005,Oldtown city,221,ID,0
658,46.9282112,-116.889621,Onaway city,196,ID,0
659,46.4849427,-116.2530273,Orofino city,2656,ID,0
660,47.5057306,-116.0007091,Osburn city,1567,ID,0
661,42.2598312,-112.0178695,Oxford city,42,ID,0
662,42.2279785,-111.4024236,Paris city,541,ID,0
663,43.9584049,-111.7592056,Parker city,302,ID,0
664,43.7862836,-116.9424914,Parma city,2096,ID,0
665,42.6054958,-113.7844866,Paul city,1195,ID,0
666,44.0800933,-116.9268524,Payette city,8127,ID,0
667,46.4746956,-116.4261958,Peck city,166,ID,0
668,46.4953352,-115.8032916,Pierce city,467,ID,0
669,47.536314,-116.2317455,Pinehurst city,1679,ID,0
670,43.9427375,-115.9459855,Placerville city,48,ID,0
671,47.3301354,-116.8849086,Plummer city,1015,ID,0
672,42.8722231,-112.4645239,Pocatello city,56320,ID,0
673,48.30478,-116.536645,Ponderay city,1289,ID,0
674,47.7212111,-116.9388071,Post Falls city,38485,ID,0
675,46.9234926,-116.8977128,Potlatch city,763,ID,0
676,42.0994142,-111.8807376,Preston city,5591,ID,0
677,48.1833602,-116.8843536,Priest River city,1696,ID,0
678,47.7940565,-116.8995675,Rathdrum city,9211,ID,0
679,46.3229229,-116.542861,Reubens city,46,ID,0
680,43.8228934,-111.7909875,Rexburg city,39409,ID,0
681,43.0516403,-114.1559418,Richfield city,431,ID,0
682,43.6735868,-111.9135254,Rigby city,5038,ID,0
683,45.4205912,-116.3176356,Riggins city,372,ID,0
684,43.6324935,-111.771717,Ririe city,667,ID,0
685,43.7204878,-112.1288682,Roberts city,500,ID,0
686,42.5731566,-112.8745302,Rockland city,242,ID,0
687,42.6189355,-113.6739675,Rupert city,6082,ID,0
688,43.9648391,-111.6850495,St. Anthony city,3606,ID,0
689,42.111826,-111.390316,St. Charles city,161,ID,0
690,47.3145893,-116.5722348,St. Maries city,2357,ID,0
691,45.1743859,-113.8947636,Salmon city,3119,ID,0
692,48.2816941,-116.5600131,Sandpoint city,8639,ID,0
693,43.3795376,-112.1260977,Shelley city,4785,ID,0
694,42.9361855,-114.4047471,Shoshone city,1653,ID,0
695,47.5424231,-116.1774476,Smelterville city,670,ID,0
696,42.6578736,-111.5860805,Soda Springs city,3133,ID,0
697,44.3677693,-112.1842795,Spencer city,31,ID,0
698,47.9657987,-116.8698314,Spirit Lake city,2337,ID,0
699,44.2117755,-114.9340743,Stanley city,116,ID,0
700,43.7027883,-116.4910247,Star city,11117,ID,0
701,47.7053414,-117.0366292,State Line city,39,ID,0
702,46.0925203,-115.9759848,Stites city,171,ID,0
703,43.8758197,-111.7510322,Sugar City city,1715,ID,0
704,43.6838517,-114.3342027,Sun Valley city,1783,ID,0
705,43.442575,-111.3245438,Swan Valley city,225,ID,0
706,47.1596116,-116.923795,Tensed city,84,ID,0
707,43.8877732,-111.6722538,Teton city,787,ID,0
708,43.814578,-111.158664,Tetonia city,308,ID,0
709,46.7379805,-116.7731535,Troy city,890,ID,0
710,42.5640886,-114.4612136,Twin Falls city,51807,ID,0
711,43.5935382,-111.9593583,Ucon city,1160,ID,0
712,43.60155,-111.1108224,Victor city,2157,ID,0
713,47.4735785,-115.9225415,Wallace city,791,ID,0
714,47.5189714,-116.135674,Wardner city,192,ID,0
715,44.1209579,-111.3209947,Warm River city,4,ID,0
716,46.3782498,-115.9388443,Weippe city,400,ID,0
717,44.2546803,-116.968859,Weiser city,5630,ID,0
718,42.7746796,-114.7029599,Wendell city,2917,ID,0
719,42.0362085,-111.9777986,Weston city,511,ID,0
720,45.7626799,-116.3003506,White Bird city,83,ID,0
721,43.6783876,-116.9075848,Wilder city,1597,ID,0
722,46.2408122,-116.6241366,Winchester city,356,ID,0
723,47.4005329,-116.9192542,Worley city,253,ID,0
724,47.004437,-114.4852826,Alberton town,452,MT,0
725,46.0946716,-113.1416236,Anaconda-Deer Lodge County,9421,MT,0
726,48.143994,-104.2210535,Bainville town,271,MT,0
727,46.3642769,-104.2742614,Baker city,1802,MT,0
728,45.1605557,-109.1574207,Bearcreek town,91,MT,0
729,45.7788628,-111.1735682,Belgrade city,10460,MT,0
730,47.3872015,-110.9277367,Belt town,510,MT,0
731,48.1785615,-110.1133406,Big Sandy town,605,MT,0
732,45.8346339,-109.9486721,Big Timber city,1650,MT,0
733,45.7895258,-108.55248,Billings city,117116,MT,0
734,46.2358396,-112.1197494,Boulder city,1201,MT,0
735,45.6831545,-111.0537825,Bozeman city,53293,MT,0
736,45.2945923,-108.9166656,Bridger town,662,MT,0
737,45.4430532,-105.4083492,Broadus town,456,MT,0
738,46.0987888,-108.8788663,Broadview town,139,MT,0
739,48.5563442,-113.015095,Browning town,1018,MT,0
740,45.8962319,-112.6600714,Butte-Silver Bow (balance),34494,MT,0
741,47.2771018,-111.7030062,Cascade town,600,MT,0
742,48.5112929,-110.9661433,Chester town,847,MT,0
743,48.5901281,-109.2318202,Chinook city,1185,MT,0
744,47.8136728,-112.1793999,Choteau city,1721,MT,0
745,47.4176636,-105.587041,Circle town,591,MT,0
746,45.8839439,-110.6057864,Clyde Park town,332,MT,0
747,45.8945137,-106.6284193,Colstrip city,2096,MT,0
748,48.3714764,-114.1918343,Columbia Falls city,5308,MT,0
749,45.6359661,-109.2487842,Columbus town,1857,MT,0
750,48.174083,-111.9465927,Conrad city,2318,MT,0
751,48.1447917,-104.5181165,Culbertson town,753,MT,0
752,48.6340972,-112.3300675,Cut Bank city,3056,MT,0
753,46.0245487,-114.1797445,Darby town,783,MT,0
754,46.3980729,-112.7333845,Deer Lodge city,2938,MT,0
755,47.3221669,-109.9481608,Denton town,205,MT,0
756,45.2178756,-112.6345797,Dillon city,3880,MT,0
757,48.3953385,-108.2472419,Dodson town,125,MT,0
758,46.666585,-113.1470424,Drummond town,272,MT,0
759,47.847539,-111.7143052,Dutton town,303,MT,0
760,46.5844643,-111.9207914,East Helena city,1944,MT,0
761,45.889207,-104.5516834,Ekalaka town,399,MT,0
762,45.3461191,-111.7313022,Ennis town,917,MT,0
763,48.8789423,-115.0491756,Eureka town,1380,MT,0
764,47.6153449,-111.9814101,Fairfield town,759,MT,0
765,47.8520263,-104.0508944,Fairview town,896,MT,0
766,48.804486,-105.1736293,Flaxville town,63,MT,0
767,46.267882,-106.6725875,Forsyth city,1647,MT,0
768,47.829003,-110.6557871,Fort Benton city,1449,MT,0
769,48.0070504,-106.4551993,Fort Peck town,239,MT,0
770,48.3380431,-104.4908413,Froid town,195,MT,0
771,45.393525,-108.901369,Fromberg town,392,MT,0
772,47.6020162,-110.2667325,Geraldine town,207,MT,0
773,48.199027,-106.6320771,Glasgow city,3202,MT,0
774,47.1064733,-104.7108558,Glendive city,4873,MT,0
775,47.0260693,-108.8030767,Grass Range town,110,MT,0
776,47.502518,-111.2999696,Great Falls city,60442,MT,0
777,46.2526312,-114.1601231,Hamilton city,4659,MT,0
778,45.7422307,-107.6082369,Hardin city,3818,MT,0
779,48.5318568,-108.7846521,Harlem city,769,MT,0
780,46.436776,-109.8351041,Harlowton city,955,MT,0
781,48.5419114,-109.6779564,Havre city,9362,MT,0
782,46.5954652,-112.0187458,Helena city,32091,MT,0
783,48.555449,-110.4212879,Hingham town,131,MT,0
784,46.9994313,-109.8733386,Hobson city,179,MT,0
785,47.6092026,-114.6703544,Hot Springs town,557,MT,0
786,46.2909207,-107.2304988,Hysham town,276,MT,0
787,46.500227,-104.7929313,Ismay town,17,MT,0
788,45.4843668,-108.9721467,Joliet town,577,MT,0
789,47.3210539,-106.9098591,Jordan town,356,MT,0
790,46.6790699,-109.7533119,Judith Gap city,110,MT,0
791,48.216152,-114.3276448,Kalispell city,24558,MT,0
792,48.7456485,-111.9657705,Kevin town,154,MT,0
793,45.6729564,-108.7708408,Laurel city,7222,MT,0
794,46.295015,-108.938808,Lavina town,136,MT,0
795,47.0513795,-109.452399,Lewistown city,5952,MT,0
796,48.3864207,-115.5567006,Libby city,2775,MT,0
797,44.6384065,-112.5919221,Lima town,212,MT,0
798,45.6655029,-110.5558841,Livingston city,8040,MT,0
799,45.3142603,-107.3677828,Lodge Grass town,441,MT,0
800,48.3554922,-107.8702091,Malta city,1860,MT,0
801,45.8586264,-111.3302833,Manhattan town,2086,MT,0
802,48.5021997,-104.5016765,Medicine Lake town,244,MT,0
803,46.5986957,-107.8682552,Melstone town,126,MT,0
804,46.405823,-105.8389441,Miles City city,8354,MT,0
805,46.8743587,-114.0261362,Missoula city,73489,MT,0
806,46.9749559,-109.6951129,Moore town,194,MT,0
807,48.1335507,-106.3571182,Nashua town,301,MT,0
808,46.9352094,-110.7360515,Neihart town,43,MT,0
809,48.8570553,-106.4083596,Opheim town,75,MT,0
810,48.8887845,-104.7849143,Outlook town,84,MT,0
811,46.3324292,-113.2960021,Philipsburg town,841,MT,0
812,46.3342114,-114.2229977,Pinesdale town,805,MT,0
813,47.4601956,-114.8842015,Plains town,1106,MT,0
814,48.7760199,-104.5572956,Plentywood city,1669,MT,0
815,46.4219525,-104.5210668,Plevna town,179,MT,0
816,47.6882216,-114.140791,Polson city,5148,MT,0
817,48.1104823,-105.1968872,Poplar city,758,MT,0
818,45.1933366,-109.2501435,Red Lodge city,2257,MT,0
819,48.8997922,-115.1714313,Rexford town,78,MT,0
820,47.6439033,-105.0695981,Richey town,164,MT,0
821,47.5284752,-114.1009189,Ronan city,1955,MT,0
822,46.4483346,-108.5396872,Roundup city,1742,MT,0
823,46.2984389,-109.2537472,Ryegate town,223,MT,0
824,48.4570704,-107.3413345,Saco town,159,MT,0
825,47.3182591,-114.0953993,St. Ignatius town,768,MT,0
826,48.7903893,-105.4206266,Scobey city,999,MT,0
827,48.5021292,-111.8620356,Shelby city,3169,MT,0
828,45.4588327,-112.1946404,Sheridan town,694,MT,0
829,47.7154565,-104.1671612,Sidney city,6346,MT,0
830,47.152078,-110.2190164,Stanford town,403,MT,0
831,46.507087,-114.0886633,Stevensville town,2002,MT,0
832,48.873993,-111.9012475,Sunburst town,333,MT,0
833,47.1951203,-114.9013627,Superior town,830,MT,0
834,46.7922235,-105.3124828,Terry town,562,MT,0
835,47.5993624,-115.3426264,Thompson Falls city,1336,MT,0
836,45.8895681,-111.5527477,Three Forks city,1989,MT,0
837,46.3192472,-111.5197055,Townsend city,1787,MT,0
838,48.4600768,-115.8907869,Troy city,797,MT,0
839,45.5428886,-112.3340906,Twin Bridges town,330,MT,0
840,48.3055419,-112.2522214,Valier town,530,MT,0
841,45.2962005,-111.9368889,Virginia City town,219,MT,0
842,46.0365903,-112.5395452,Walkerville town,639,MT,0
843,48.8704902,-104.0570609,Westby town,167,MT,0
844,44.6627386,-111.1057416,West Yellowstone town,1272,MT,0
845,48.4561525,-114.368879,Whitefish city,7751,MT,0
846,45.8709868,-112.0975837,Whitehall town,1006,MT,0
847,46.545283,-110.9038956,White Sulphur Springs city,955,MT,0
848,46.9865742,-104.1900432,Wibaux town,462,MT,0
849,47.562101,-109.3772813,Winifred town,172,MT,0
850,47.0043009,-108.3466118,Winnett town,188,MT,0
851,48.0933114,-105.6413636,Wolf Point city,2517,MT,0
852,42.72634,-110.932032,Afton town,2172,WY,0
853,41.4169408,-104.1015494,Albin town,169,WY,0
854,43.1628053,-111.0239326,Alpine town,1220,WY,0
855,41.0346582,-107.6572814,Baggs town,411,WY,0
856,42.2372018,-107.5610479,Bairoil town,68,WY,0
857,42.9219917,-106.3474292,Bar Nunn town,2981,WY,0
858,44.3805639,-108.0470943,Basin town,1288,WY,0
859,41.3858537,-111.0269961,Bear River town,522,WY,0
860,42.5401676,-110.1193425,Big Piney town,395,WY,0
861,44.3385453,-106.7153443,Buffalo city,4415,WY,0
862,44.4470655,-108.432023,Burlington town,314,WY,0
863,41.1908709,-104.3590349,Burns town,356,WY,0
864,44.7967371,-108.5084628,Byron town,562,WY,0
865,42.8421007,-106.3205239,Casper city,59038,WY,0
866,41.1352586,-104.7907492,Cheyenne city,65132,WY,0
867,41.7557486,-104.8229356,Chugwater town,175,WY,0
868,44.6398502,-106.3812967,Clearmont town,116,WY,0
869,44.5206837,-109.0546886,Cody city,10028,WY,0
870,42.0793075,-110.9518685,Cokeville town,502,WY,0
871,44.8834517,-108.4692722,Cowley town,762,WY,0
872,44.8733506,-107.2624323,Dayton town,822,WY,0
873,44.8890241,-108.596018,Deaver town,154,WY,0
874,41.7770102,-110.5351875,Diamondville town,520,WY,0
875,41.034896,-107.536144,Dixon town,74,WY,0
876,42.7538087,-105.3974188,Douglas city,6386,WY,0
877,43.545964,-109.6476285,Dubois town,911,WY,0
878,43.6440937,-108.1978826,East Thermopolis town,229,WY,0
879,43.4133941,-106.2473595,Edgerton town,153,WY,0
880,41.6882978,-106.4135012,Elk Mountain town,150,WY,0
881,41.2087576,-106.794819,Encampment town,452,WY,0
882,41.2600882,-110.963739,Evanston city,11747,WY,0
883,42.8759519,-106.2678759,Evansville town,2746,WY,0
884,42.2130707,-104.5173894,Fort Laramie town,206,WY,0
885,44.9710287,-108.6205403,Frannie town,145,WY,0
886,44.2725799,-105.4989359,Gillette city,33403,WY,0
887,42.5048632,-105.0249869,Glendo town,237,WY,0
888,42.8564728,-105.862355,Glenrock town,2420,WY,0
889,41.5979344,-109.9652318,Granger town,98,WY,0
890,41.5129221,-109.4707963,Green River city,11825,WY,0
891,44.4900381,-108.0650326,Greybull town,1651,WY,0
892,42.2647909,-104.7428891,Guernsey town,1130,WY,0
893,41.8697972,-106.5596439,Hanna town,683,WY,0
894,42.3276262,-104.7245002,Hartville town,64,WY,0
895,42.9026979,-108.5819927,Hudson town,431,WY,0
896,44.6830436,-104.5980604,Hulett town,309,WY,0
897,43.4719358,-110.7752672,Jackson town,10760,WY,0
898,43.7100392,-106.6372762,Kaycee town,247,WY,0
899,41.7784836,-110.5528175,Kemmerer city,2415,WY,0
900,43.8032839,-108.1809724,Kirby town,76,WY,0
901,42.2607794,-110.1972028,La Barge town,394,WY,0
902,41.6385715,-104.1629993,LaGrange town,372,WY,0
903,42.8312761,-108.7598936,Lander city,7546,WY,0
904,41.305955,-105.6086366,Laramie city,31407,WY,0
905,42.1386649,-104.346105,Lingle town,403,WY,0
906,42.7651655,-104.925492,Lost Springs town,6,WY,0
907,44.8358005,-108.3918895,Lovell town,2243,WY,0
908,42.7612591,-104.4584032,Lusk town,1541,WY,0
909,41.3274472,-110.2978179,Lyman town,2135,WY,0
910,44.2697573,-107.9642021,Manderson town,88,WY,0
911,42.7794484,-104.6174464,Manville town,92,WY,0
912,42.557414,-110.1004588,Marbleton town,861,WY,0
913,41.8995374,-106.2019164,Medicine Bow town,245,WY,0
914,44.1528905,-108.860971,Meeteetse town,309,WY,0
915,43.4108792,-106.2773225,Midwest town,285,WY,0
916,42.8480366,-106.3820699,Mills town,4034,WY,0
917,44.2644826,-104.9475637,Moorcroft town,946,WY,0
918,41.2723699,-110.3341012,Mountain View town,1278,WY,0
919,43.850271,-104.196487,Newcastle city,3374,WY,0
920,41.7680548,-110.3240777,Opal town,64,WY,0
921,43.2440111,-108.6890241,Pavillion town,230,WY,0
922,41.1802124,-104.0747819,Pine Bluffs town,1172,WY,0
923,42.8675848,-109.8705267,Pinedale town,2005,WY,0
924,44.353395,-104.8104531,Pine Haven town,493,WY,0
925,44.7617826,-108.7575805,Powell city,6419,WY,0
926,44.9075998,-107.1673232,Ranchester town,1064,WY,0
927,41.7851303,-107.2246529,Rawlins city,8221,WY,0
928,41.2154142,-106.7813431,Riverside town,66,WY,0
929,43.0262558,-108.3813031,Riverton city,10682,WY,0
930,41.7317389,-105.9751465,Rock River town,211,WY,0
931,41.5947045,-109.2209219,Rock Springs city,23526,WY,0
932,42.9035605,-105.843369,Rolling Hills town,427,WY,0
933,41.4523921,-106.8117302,Saratoga town,1702,WY,0
934,44.7962192,-106.9641659,Sheridan city,18737,WY,0
935,43.2380658,-108.1067917,Shoshoni town,471,WY,0
936,41.7760844,-107.1199397,Sinclair town,374,WY,0
937,42.9796884,-110.9635214,Star Valley Ranch town,1866,WY,0
938,44.4048229,-104.3662088,Sundance town,1032,WY,0
939,41.7595084,-108.9642354,Superior town,184,WY,0
940,44.0350134,-107.4482794,Ten Sleep town,246,WY,0
941,42.9193834,-110.9968234,Thayne town,380,WY,0
942,43.6476154,-108.2145375,Thermopolis town,2725,WY,0
943,42.0650496,-104.1735283,Torrington city,6119,WY,0
944,44.1038395,-104.6361862,Upton town,898,WY,0
945,42.6642765,-104.091328,Van Tassell town,22,WY,0
946,41.6679766,-107.9791419,Wamsutter town,203,WY,0
947,42.0516619,-104.9594653,Wheatland town,3588,WY,0
948,44.0204021,-107.961653,Worland city,4773,WY,0
949,43.7491526,-105.4948336,Wright town,1644,WY,0
950,41.9169778,-104.2953888,Yoder town,131,WY,0